[
  { "id": "pedal_bike", "scope": "transport" },
  { "id": "local_shipping", "scope": "transport" },
  { "id": "flight", "scope": "transport" },
  { "id": "sailing", "scope": "transport" },
  { "id": "flight_takeoff", "scope": "transport" },
  { "id": "car_rental", "scope": "transport" },
  { "id": "car_repair", "scope": "transport" },
  { "id": "tram", "scope": "transport" },
  { "id": "train", "scope": "transport" },
  { "id": "electric_scooter", "scope": "transport" },
  { "id": "two_wheeler", "scope": "transport" },
  { "id": "local_taxi", "scope": "transport" },
  { "id": "payments", "scope": "money" },
  { "id": "savings", "scope": "money" },
  { "id": "credit_score", "scope": "money" },
  { "id": "credit_card", "scope": "money" },
  { "id": "redeem", "scope": "money" },
  { "id": "account_balance", "scope": "money" },
  { "id": "receipt", "scope": "money" },
  { "id": "receipt_long", "scope": "money" },
  { "id": "auto_graph", "scope": "money" },
  { "id": "autopay", "scope": "money" },
  { "id": "bank_of_america", "scope": "logos/financial_institutions" },
  { "id": "barclays", "scope": "logos/financial_institutions" },
  { "id": "paypal", "scope": "logos/financial_institutions" },
  { "id": "bbva", "scope": "logos/financial_institutions" },
  { "id": "citizens_bank", "scope": "logos/financial_institutions" },
  { "id": "deutsche_bank", "scope": "logos/financial_institutions" },
  { "id": "hsbc", "scope": "logos/financial_institutions" },
  { "id": "jpmorgan", "scope": "logos/financial_institutions" },
  { "id": "revolut", "scope": "logos/financial_institutions" },
  { "id": "santander", "scope": "logos/financial_institutions" },
  { "id": "caixabank", "scope": "logos/financial_institutions" },
  { "id": "sabadell", "scope": "logos/financial_institutions" },
  { "id": "citibank", "scope": "logos/financial_institutions" },
  { "id": "ing", "scope": "logos/financial_institutions" },
  { "id": "credit_suisse", "scope": "logos/financial_institutions" },
  { "id": "account_balance_wallet", "scope": "money" },
  { "id": "wallet", "scope": "money" },
  { "id": "kitchen", "scope": "food" },
  { "id": "icecream", "scope": "food" },
  { "id": "dinner_dining", "scope": "food" },
  { "id": "local_dining", "scope": "food" },
  { "id": "lunch_dining", "scope": "food" },
  { "id": "local_pizza", "scope": "food" },
  { "id": "fastfood", "scope": "food" },
  { "id": "nutrition", "scope": "food" },
  { "id": "dentistry", "scope": "medical" },
  { "id": "tibia", "scope": "medical" },
  { "id": "diversity_3", "scope": "medical" },
  { "id": "cardiology", "scope": "medical" },
  { "id": "ecg_heart", "scope": "medical" },
  { "id": "fitness_center", "scope": "medical" },
  { "id": "monitor_weight", "scope": "medical" },
  { "id": "pill", "scope": "medical" },
  { "id": "medication", "scope": "medical" },
  { "id": "prescriptions", "scope": "medical" },
  { "id": "self_improvement", "scope": "medical" },
  { "id": "self_care", "scope": "medical" },
  { "id": "psychology", "scope": "medical" },
  { "id": "sports_soccer", "scope": "entertainment" },
  { "id": "confirmation_number", "scope": "entertainment" },
  { "id": "pool", "scope": "entertainment" },
  { "id": "sports_motorsports", "scope": "entertainment" },
  { "id": "sports_baseball", "scope": "entertainment" },
  { "id": "sports_basketball", "scope": "entertainment" },
  { "id": "sports_cricket", "scope": "entertainment" },
  { "id": "golf_course", "scope": "entertainment" },
  { "id": "casino", "scope": "entertainment" },
  { "id": "roller_skating", "scope": "entertainment" },
  { "id": "beach_access", "scope": "entertainment" },
  { "id": "paragliding", "scope": "entertainment" },
  { "id": "attractions", "scope": "entertainment" },
  { "id": "movie", "scope": "entertainment" },
  { "id": "museum", "scope": "entertainment" },
  { "id": "sports_bar", "scope": "entertainment" },
  { "id": "liquor", "scope": "entertainment" },
  { "id": "celebration", "scope": "entertainment" },
  { "id": "headphones", "scope": "technology" },
  { "id": "computer", "scope": "technology" },
  { "id": "keyboard", "scope": "technology" },
  { "id": "devices", "scope": "technology" },
  { "id": "mouse", "scope": "technology" },
  { "id": "album", "scope": "technology" },
  { "id": "laptop_windows", "scope": "technology" },
  { "id": "laptop_mac", "scope": "technology" },
  { "id": "stadia_controller", "scope": "technology" },
  { "id": "question_mark", "scope": "other" },
  { "id": "star", "scope": "other" },
  { "id": "swipe_up", "scope": "other" },
  { "id": "reply_all", "scope": "other" },
  { "id": "apps", "scope": "other" },
  { "id": "app_badging", "scope": "other" },
  { "id": "bolt", "scope": "other" },
  { "id": "speed", "scope": "other" },
  { "id": "home", "scope": "other" },
  { "id": "home_work", "scope": "other" },
  { "id": "work", "scope": "other" },
  { "id": "library_books", "scope": "other" },
  { "id": "call", "scope": "other" },
  { "id": "pets", "scope": "other" },
  { "id": "shopping_cart", "scope": "other" },
  { "id": "shopping_bag", "scope": "other" },
  { "id": "shopping_basket", "scope": "other" },
  { "id": "shop", "scope": "other" },
  { "id": "iron", "scope": "other" },
  { "id": "inventory_2", "scope": "other" },
  { "id": "login", "scope": "other" },
  { "id": "logout", "scope": "other" },
  { "id": "redo", "scope": "other" },
  { "id": "undo", "scope": "other" },
  { "id": "key", "scope": "other" },
  { "id": "music_note", "scope": "other" },
  { "id": "store", "scope": "other" },
  { "id": "landscape", "scope": "other" },
  { "id": "bed", "scope": "other" },
  { "id": "language", "scope": "other" },
  { "id": "military_tech", "scope": "other" },
  { "id": "checkroom", "scope": "other" },
  { "id": "sprinkler", "scope": "other" },
  { "id": "water", "scope": "other" },
  { "id": "water_drop", "scope": "other" }
]
